latitude,longitude,Site_Num,Site_Name,Number_of_Copper_Artifacts,Cultural Affiliations,Cu_Culture_Affiliations,Scientific Dates,link
67.744,-115.371,MkPk-3,Bloody Falls;Kallak;Kugluk,149,"ASTtThuleCopper Inuit","ASTtmore (either Thule and/or Copper Inuit)","3330 +/- 90 (S-463) (CMC-305)840 +/- 60 (S-462) (CMC-304)320 +/- 40 (Beta-21992) (CMC-1695)250 +/- 50 (Beta-219193) (CMC-1696)","<a href=""sites/MkPk-3/index.html"" target=""_blank"">See the artifacts!</a>"
72.058,-94.102,PaJs-2,Qariaraqyuk; Mount Oliver,75,Thule,Thule,"460 +/- 90 (Beta-101514) (CMC-1494)420 +/- 60 (Beta-101515) (CMC-1495)","<a href=""sites/PaJs-2/index.html"" target=""_blank"">See the artifacts!</a>"
68.167,-114.835,NaPi-2,Clachan,52,Thule,Thule,"1070 +/- 60 (S-2020) (CMC-1187)820 +/- 80 (S-2024) (CMC-1191)1030 +/- 70 (S-2025) (CMC-1192)840 +/- 60 (S-2026) (CMC-1193)1280 +/- 70 (S-2023) (CMC-1190)840 +/- 60 (S-2027) (CMC-1194)1090 +/- 70 (S-2021) (CMC-1188)1170 +/- 60 (S-2022) (CMC-1189)","<a href=""sites/NaPi-2/index.html"" target=""_blank"">See the artifacts!</a>"
64.192,-114.084,LbPg-8,Snare Lake,36,0,,,"<a href=""sites/LbPg-8/index.html"" target=""_blank"">See the artifacts!</a>"
75.391,-97.284,QiLd-1,Brooman Point Village,24,"ASTtIndependence IIDorset (early)DorsetThule",,"1160 +/- 100 (BM-1803)1100 +/- 100 (BM-1804)","<a href=""sites/QiLd-2/index.html"" target=""_blank"">See the artifacts!</a>"
69.276,-134.104,NhTs-2,Cache Point,19,Thule (early),Thule (early),,"<a href=""sites/NhTs-2/index.html"" target=""_blank"">See the artifacts!</a>"
62.774,-106.958,KeNi-4 (and KeNi-4C),Whitefish Lake Site,18,"ASTtPlains Archaic (middle)Shield ArchaicTaltheilei (early)Taltheilei (middle)Taltheilei (late)TaltheileiDene ","Middle Taltheilei is level C (I believe), there may be a few pieces with a different context as well","2580 +/- 80 (S-1531) (CMC-978)2545 +/- 160 (S-1260) (CMC-885)405 +/- 40 (S-1259) (CMC-884)1060 +/- 60 (S-1529) (CMC-976)1040 +/- 70 (S-1441) (CMC-957)1040 +/- 80 (S-1530) (CMC-977)2390 +/-170 (S-1437) (CMC-953)1550 +/- 60 (S-1438) (CMC-954)2480 +/- 60 (S-1440) (CMC-956)3620 +/- 125 (S-1261) (CMC-886)2940 +/- 210 (S-1434) (CMC-950)4040 +/- 130 (S-1435) (CMC-951)2390 +/- 110 (S-1436) (CMC-952)","<a href=""sites/KeNi-4/index.html"" target=""_blank"">See the artifacts!</a>"
66.268,-110.244,MbNs-1,Nadlok;Nadlak,15,"ThuleCopper Inuit",,"525 +/- 130 (S-2724) (CMC-1347)370 +/- 130 (S-2725) (CMC-1348)< 100 (S-2774) (CMC-1354)410 +/- 105 (S-2775) (CMC-1355)160 +/- 105 (S-2773) (CMC-1353)480 +/- 95 (S-2845) (CMC-1363)325 +/- 90 (S-2846) (CMC-1364)",
70.567,-112.667,OdPc-1,Kunana,15,"DorsetThuleCopper Inuit",,,
69.346,-134.044,NiTs-1,Kuukpak; Gupak,14,"Thule (late)Inuvialuit/Mackenzie Inuit",,,
67.583,-138.333,MjVg-1,Rat Indian Creek,14,Gwich'in,,,
66.524,-86.201,MdHs-1,Naujan;Naujaat,12,Thule,,,
69.798,-122.76,NkRi-3,Tiktalik,11,Thule,,"620 +/- 40 (Beta-148774) (CMC-1555)670 +/- 40 (Beta-148775) (CMC-1556)670 +/- 40 (Beta 148776) (CMC-1557)680 +/- 40 (Beta 148603) (CMC-1554)740 +/- 40 (Beta 148602) (CMC-1553)800 +/- 40 (Beta-152239) (CMC-1559)800 +/- 40 (Beta-152240) (CMC-1560)820 +/- 40 (Beta-148601) (CMC-1552)1550 +/- 40 (Beta-152238) (CMC-1558)",
72.786,-93.761,PeJr-1,Creswell Bay;Creswell East 7;Learmonth,11,Dorset;Thule,,"1010 +/- 100 (S-1323) (CMC-915)1130 +/- 90 (S-1325) (CMC-917)830 +/- 70 (S-1324) (CMC-916)585 +/- 85 (UGa-1618)",
69.57,-138.89,NjVi-2,Washout,10,,,,
0,0,PjRa-10,Isachsen Sands,10,,,,
0,0,NjRc-1,0,9,"Copper InuitBritish Navy",,,
68.483,-113.264,NcPd-1,Lady Franklin Site,8,#N/A,,,
70.178,-124.732,ObRo-2,Jackson,7,Copper Inuit,,1330 +/- 130 (GSC-650),
0,0,PkPx-2,0,7,"Dorset (late) ?Thule",,"1190 +/- 100 (M-1508) (CMC-6)1220 +/- 100 (M-1509) (CMC-7)600 +/- 05 (I-2052) (CMC-85a)935 +/- 90 (I-2088) (CMC-85c)",
0,0,XHP-308,0,7,#N/A,,,
63.687,-90.099,KkJg-1,Silumiut,6,#N/A,,,
0,0,MlPj-2,0,6,"DorsetThule",,"810 +/- 70 (GAK-2749) (CMC-341)690 +/- 90 (GAK-2759) (CMC-369)420 +/- 65 (SI-744)840 +/- 100 (SI-746)235 +/- 50 (SI-748)760 +/- 75 (SI-749)255 +/- 45 (SI-752A)380 +/- 80 (SI-752B)765 +/- 45 (SI-753)750 +/- 85 (SI-755A)modern (SI-755A)1150 +/-",
68.468,-113.225,NcPd-2,Lady Franklin Point,6,#N/A,,,
68.434,-113.977,NcPf-12,Beulah,6,Thule,,"660  – 301140 +/- 100 (S-2222) (CMC-1263)1210 +/- 60 BP1420 +/- 60 BP1330 +/- 130 (GSC-650) (CMC-111)1350 +/- 60 (TO-8542)1510 +/- 30 (CAMS-66368)1540 +/- 70 (TO-8509)1990 +/- 100 (TO-8510)",
69.402,-106.246,NiNg-2,Bell,6,Thule,,"890 +/- 95 (S-2223) (CMC-1264)1730 +/- 160 (S-3368) (CMC-1406)770 +/- 70 (S-3369) (CMC-1407)",
69.824,-122.66,NkRh-3,Pearce Point,6,"Dorset (early, middle)Dorset (late)ThuleCopper Inuit",,"1145 +/- 125 (S-3037) (CMC-1395)955 +/- 125 (S-3038) (CMC-1396)",
65.372,-114.185,LiPg-15,0,5,Thule,,"510 +/- 30 (Beta-126880) (CMC-1521)630 +/- 40 (Beta-126879) (CMC-1520)1180 +/- 70 (S-3370) (CMC-1408)1290 +/- 60 (S-3364) (CMC-1402)1290 +/- 60 (S-3364) (NMC-1402)",
69.36,-81.914,NiHf-4,Tikilik;Qarmaruluit;Arna-koa-khiak;Arnaquagsaq;Ar-na-koa-khitk;Arnaquatsiak;Arnaquaksaat,5,0,,,
69.405,-106.303,NiNg-8,Freezer,5,Pre-Dorset;Dorset (early);Dorset (late);Thule,,,
0,0,PlPx-1,0,5,Dorset (late);Dorset;Dorset (early),,,
0,0,KkHh-1,0,4,#N/A,,,
0,0,OdPc-5,0,4,#N/A,,,
0,0,OhRh-1,Nelson River,4,#N/A,,,
74.681,-94.904,QeJu-3,Lake,4,0,,,
62.787,-115.946,KePl-1,Frank Channel,3,Thule,,,
66.612,-118.013,MdPs-25,0,3,"Timber PointFrank ChannelTaltheilei (late)",,"670 +/- 70 (GAK-1865) (CMC-239)360 +/- 80 (GSC-1559) (CMC-165)",
66.68,-117.581,MePq-5,0,3,0,,,
66.665,-117.712,MePr-6,0,3,0,,,
0,0,MhPo-1,0,3,0,,,
67.567,-139.683,MjVl-1,Klo-kut,3,#N/A,,,
68.394,-113.96,NcPf-1,Nuvuk,3,Gwich'in,,,
0,0,NjRc-4,Bodena;Coastal Site No. 13,3,Thule,,,
0,0,NlRu-1,0,3,Thule;Copper Inuit,,,
0,0,NlTk-2,0,3,#N/A,,,
70.567,-112.648,OdPb-1,Kuuk-IV,3,#N/A,,,
0,0,OdPp-2,0,3,Copper Inuit,,,
0,0,OdPq-1,Memorana,3,#N/A,,,
72.465,-93.448,PcJq-5,Cape Garry,3,0,,,
73.05,-80.572,PgHb-1,Nunguvik,3,Thule;Inuit,,"530 +/- 80 (S-1321) (CMC-913)1070 +/- 70 (S-1320) (CMC-912)910 +/- 60 (S-1322) (CMC-914)1040 +/- 65 (UGa-1619)",
74.673,-94.924,QeJu-1,High;M1,3,Dorset (early);Dorset (late);Thule (early);Thule (late);Norse ?,,"1510 +/- 70 (S-1443) (CMC-958)1770 +/- 100 (S-1445) (CMC-960)1860 +/- 120 (S-1444) (CMC-959)1740 +/- 130 (S-1614) (CMC-1020)670 +/- 50 (S-1615) (CMC-1021)1440 +/- 90 (S-1940) (CMC-1157)1320 +/- 80 (S-1941) (CMC-1158)2320 +/- 50 (S-1613) (CMC-1019)",
74.673,-94.922,QeJu-2,Lower;M2,3,Dorset;Thule,,"670 +/- 40 (Beta 146775) (CMC-1549)680 +/- 40 (Beta 146776) (CMC-1550)1340 +/- 70 (Beta-146777) (CMC-1551)1430 +/- 40 (Beta-153135) (CMC-1565)",
76.127,-94.887,RaJu-1,Snowdrift,3,Dorset;Thule,,,
76.261,-93.671,RbJr-1,Porden Point Brook Village,3,Dorset (late),,,
0,0,KbNa-16,0,2,Thule,,"550 +/- 70 (S-1420) (CMC-936)1380 +/- 90 (S-1421) (CMC-937)1000 +/- 110 (S-1422) (CMC-938)1500 +/- 100 (S-1423) (CMC-939)1470 +/- 100 (S-1424 (CMC-940)670 +/- 40 (Beta-219197) (CMC-1690)",
65.767,-114.328,LkPg-9,0,2,0,,,
66.567,-122.577,MdRh-3,0,2,0,,,
0,0,MePr-8,Great Bear Lake XII,2,0,,,
66.879,-121.285,MfRd-4,0,2,0,,,
0,0,MiRi-2,Herton Lake/ Great Bear Lake II,2,0,,,
0,0,MkPk-2,0,2,0,,,
0,0,MlPi-1,0,2,#N/A,,,
68.245,-131.04,NbTj-1,0,2,#N/A,,,
0,0,NgTi-1,0,2,0,,,
69.224,-132.444,NhTn-1,Gutchiak,2,#N/A,,,
0,0,NiJp-11,0,2,0,,,
69.401,-106.261,NiNg-1,Buchanan; Buchnnan Vic. Island,2,#N/A,,,
69.344,-134.053,NiTs-2,Pond,2,Pre-Dorset;Dorset;Dorset (late),,"2185 +/- 120 (M-1504) (CMC-2)2910 +/- 105 (I-2053) (CMC-86)2990 +/- 125 (I-2054) (CMC-87)2600 +/- 130 (GSC-656) (CMC-108)",
0,0,OdPc-2,0,2,0,,,
72.065,-94.035,PaJs-3,Fort Ross South;Hazard Inlet Site,2,#N/A,,,
72.094,-94.029,PaJs-4,Fort Ross North,2,Palaeoeskimo;Thule,,,
72.716,-93.937,PeJr-8,Loon,2,Dorset;Thule,,,
0,0,XBM-9,0,2,Dorset,,720 +/- 70 (Beta-10702),
0,0,HAR-1,0,1,#N/A,,,
0,0,JiNd-1,0,1,#N/A,,,
0,0,KbNb-4,KbNb-4,1,#N/A,,,
62.379,-106.033,KcNg-3,0,1,0,,,
63.659,-104.476,KjNb-7,Duc,1,Shield Archaic;ASTt;Taltheilei (middle);Chipewyan,,,
63.723,-100.437,KkLn-1,Grant Lake,1,"Northern PlanoShield ArchaicPre-DorsetTaltheilei (early)Taltheilei (middle)Taltheilei (late)Dene ",,"2440 +/- 120 (S-711) (CMC-515)2445 +/- 75 (S-665) (CMC-517)2355 +/- 80 (S-715) (CMC-572)1150 +/- 85 (S-716) (CMC-573)845 +/- 115 (S-717) (CMC-574)5010 +/- 225 (S-735) (CMC-581)1465 +/- 195 (S-736) (CMC-582)2345 +/- 170 (S-737) (CMC-583)1695 +/- 110 (S-629)modern (S-712) (CMC-516)6120 +/- 110 (S-1258) (CMC-883)500 +/- 95 (I-5335)5060 +/- 310 (S-710)",
64.159,-102.542,LaLt-6,0,1,"Northern PlanoTaltheilei (middle)Taltheilei (late)Caribou Inuit",,,
64.259,-96.637,LbLb-2,0,1,"Taltheilei (late)Chipewyan",,,
64.188,-114.086,LbPg-7,Trout Bay,1,Caribou Inuit,,,
0,0,LcPd-3,0,1,0,,modern (S-475) (CMC-244),
64.577,-87.555,LdHw-1,Kulaituijavik;Yellow Bluff North,1,#N/A,,,
64.621,-111.954,LdNx-3,0,1,Thule (late),,,
65.049,-114.475,LgPh-23,0,1,ASTt,,,
65.069,-114.372,LgPh-29,0,1,0,,,
65.056,-114.718,LgPi-8,0,1,0,,,
65.221,-114.231,LhPg-6,0,1,0,,,
65.378,-114.169,LiPg-14,0,1,0,,,
65.35,-114.346,LiPh-11,0,1,0,,,
65.475,-114.503,LiPh-5,0,1,0,,,
0,0,MaRm-1,Great Bear Lake I,1,0,,,
66.663,-117.705,MdPr-1,Great Bear Lake II,1,0,,,
66.602,-118.029,MdPs-22,0,1,0,,,
66.606,-118.071,MdPs-31,0,1,0,,,
66.506,-118.241,MdPs-4,Great Bear Lake V,1,0,,,
66.589,-122.452,MdRh-1,0,1,0,,,
66.683,-117.58,MePq-4,0,1,0,,,
66.667,-117.694,MePr-1,0,1,0,,,
67.281,-137.772,MhVf-1,Bell Mouth,1,0,,,
0,0,MiPq-1a,0,1,Gwich'in,,,
0,0,MiRh-12,0,1,#N/A,,,
0,0,MiRi-1,Herton Lake/ Great Bear Lake I,1,0,,,
0,0,MiRi-3,Herton Lake/ Great Bear Lake III,1,0,,,
0,0,MjVg-8,0,1,0,,,
67.584,-139.566,MjVk-7,Old Chief Creek,1,#N/A,,,
0,0,MjVl-6 (?),0,1,Gwich'in,,,
0,0,MkPj-7,0,1,#N/A,,,
67.741,-115.371,MkPk-1,0,1,#N/A,,,
0,0,MkPk-11,0,1,0,,,
67.743,-115.387,MkPk-12,0,1,#N/A,,,
67.736,-115.392,MkPk-4,0,1,0,,,
67.759,-115.345,MkPk-9,Willowherb,1,0,,,
0,0,MMPP-1,MmPp-1,1,0,,1450 – 80 (S-468) years B.P. (A.D. 500) - (McGhee 1970),
0,0,MyPy-1,0,1,0,,,
0,0,NfTn-2,0,1,0,,,
0,0,NhJp-4,0,1,0,,,
0,0,NhPf-0?,0,1,#N/A,,,
0,0,NhTr-1,0,1,#N/A,,,
0,0,NiHf-1,0,1,#N/A,,,
0,0,NiJq-15,0,1,#N/A,,,
0,0,NiTr-2,0,1,#N/A,,,
0,0,NkRh-1,0,1,0,,,
0,0,NkRh-8,0,1,#N/A,,,
0,0,NkRj-3,0,1,0,,,
0,0,NkRo-2,0,1,#N/A,,,
0,0,NkTc-5,0,1,#N/A,,,
70.02,-91.958,OaJl-2,0,1,#N/A,,,
70.141,-127.452,OaRw-2,Bison Skull,1,Inuit,,,
70.061,-130.983,OaTi-1,McKinley Bay,1,0,,,
70.181,-124.754,ObRo-1,Vaughn,1,Inuvialuit;Mackenzie Inuit;Thule,,"310 +/- 80 (AECV-1652 C)410 +/- 70 (AECV-1653 C)280 +/- 40 (CMC-1654)",
0,0,ObRv-25,0,1,Thule,,,
0,0,OdTa-#,0,1,#N/A,,,
0,0,OhPo-5,0,1,#N/A,,,
0,0,OlRr-1,0,1,#N/A,,,
0,0,PaJs-13,0,1,0,,,
72.464,-111.183,PcNv-1,0,1,#N/A,,,
72.745,-93.76,PeJr-4,Nuvuktutak ?,1,0,,,
0,0,PgHb-3,0,1,Thule;Inuit,,,
73.533,-120.08,PjRa-7,Thomsen River 1,1,#N/A,,,
0,0,PkPx-1,0,1,Copper Inuit;British Navy,,,
0,0,PSM-74,0,1,#N/A,,,
74.64,-94.218,QdJs-1,0,1,#N/A,,,
0,0,QkHn-12,0,1,ASTt;Dorset (late);European,,,
76.252,-93.689,RbJr-5,0,1,#N/A,,,
79.01,-76.321,SgFm-14,0,1,Thule,,,
79.12,-76.143,SgFm-4,Eskimobyen,1,Thule,,,
0,0,WAI-96,0,1,Thule;Norse,,"970 +/- 120 (-2796) corrected610 +/- 50 (-2953) corrected1200 +/- 70 (-3108) corrected560 +/- 120 (-6073) corrected430 +/- 70(-2950) corrected510 +/- 70 (-3018) uncorrected155 +/- 110 (-7122) corrected400 +/- 50 (-3267)280 +/- 115 (-7123) corrected505 +/- 150 (7123A) corrected730 +/- 70 (-3396) corrected910 +/- 50 (-3379) corrected",
69.568,-138.915,NjVi-1,Pauline Cove,3,#N/A,,,
58.175,-153.215,AFG-00005,Malina Creek (Nuniliak),2,Koniag,Prehistoric/Historic,,
61.463,-149.732,ANC-00036,Knik Lake Locale,2,Denai'na,Late Prehistoric/ Protohistoric,,
61.439,-149.783,ANC-00037,Fish Creek Locality (K'enakanen),1,Denai'na,Late Prehistoric,,
61.008,-149.694,ANC-00054,Beluga Point,1,Chugach,Late Prehistoric,"BP 650 +/-70, 4155+/-160, 4080+/-150",
61.32,-149.467,ANC-00268,Bob Rice Site,1,Denai'na,Prehistoric,,
60.456,-146.2,COR-00001,"Palugvik (Paluyvik, Paluwiks) [Palugvik Arch. District]",5,Chugach,Prehistoric/Late Prehistoric,"de Laguna  - AD 200-500, not radiocarbon date.",
64.895,-141.198,EAG-00288,David Site,2,,,,
62.406,-146.003,GUL-00033,Questcire Bene',1,Ahtna,Prehistoric/ Protohistoric/ Historic,,
62.602,-146.819,GUL-00038,Tyone Lookout,1,Ahtna,Prehistoric/ Protohistoric/ Historic,,
62.22,-145.397,GUL-00076,"Gulkana 2, MS 23-0",1,Ahtna,Late Prehistoric,,
62.267,-145.386,GUL-00077,Ringling Site (Gulkana Site),174,Ahtna,Prehistoric/Protohistoric,BP 760+/-125 - BP 195+/-135,
62.718,-146.312,GUL-00352,2477 Dune Site,1,,Prehistoric,,
70.554,-150.152,HAR-00001,Thetis Island (Amaudliktok),?,Inupiat,Prehistoric,AD 1400,
63.803,-148.934,HEA-00062,Nenana River Gorge Site,1,Ahtna/Tanana,Late Prehistoric,"BP 460+/-115, 260+/-75",
63.196,-147.83,HEA-00189,Butte Lake Northeast (Butte Lake Caribou Drive Camp),2,Ahtna,Prehistoric/Protohistoric/ Historic,BP 5030+/-200,
60.042,-133.704,JaUk-23,Nustsehe,1,Tagish,Late Pre,,
60.07,-134.187,JaUn-4,JaUn-4,1,Tutchone/Tagish,Late Prehistoric/ Protohistoric/ Historic,Post-dates White River ash fall (1200 B.P.),
60.177,-132.913,JbUf-2,Fat Lake Site,2,Teslin Tlingit,Prehistoric/Late Prehistoric/ Protohistoric/ Historic,"Cultural deposits above and below WRA, association with copper unknown.",
60.313,-134.257,JbUn-1,JbUn-1,1,Tagish,Prehistoric/Historic,,
60.456,-133.58,JcUj-12,Desquanga,1,Tutchone/Tagish,Late Prehistoric/ Protohistoric/ Historic,"Cultural deposits above and below WRA, association with copper unknown.",
60.363,-135.722,JcUw-3,JcUw-3,1,Tutchone,Prehistoric?,Surface find,
60.566,-136.729,JdVe-3,Gotthardt-89-9,1,Tutchone,Prehistoric/Late Prehistoric,,
60.71,-135.034,JeUs-3,Riverdale North,?,Tutchone,Prehistoric,,
60.786,-136.299,JeVb-15,Champ 1,1,Tutchone,Prehistoric/ Protohistoric/ Historic,"below White River Ash (1250 BP), 2620 +/-40 (Beta-87994); 3480+/-70 (Beta-85598)",
60.893,-135.659,JfUv-7,"Little River;nu/""r Deye'l",?,Tutchone (Southern),Late Prehistoric/ Protohistoric/ Historic,Surface find,
60.851,-137.086,JfVg-6,JfVg-6,1,Tutchone (Southern),Late Prehistoric?,"Considered Late Prehistoric because of copper, surface find?",
61.155,-139.393,JgVu-4,Bighorn Creek Mouth 3,1,Tutchone (Southern),Late Prehistoric,Taye Lake-Aishihik Phase? 4500-1300 B.P.;1300-150 B.P.,
61.166,-136.99,JhVf-4,Chemi Narrows,2,Tutchone (Southern),Late Prehistoric,Aishihik Phase,
61.374,-138.85,JiVs-1,Little Arm Site,4,Tutchone (Southern),Late Prehistoric,Aishihik Phase,
61.596,-137.499,JjVi-1,Old Aishihik Village Collection,?,Tutchone (Southern),Prehistoric/ Protohistoric/ Historic,,
61.606,-137.499,JjVi-7,Chimi Archaeological Site; Chemi; Aishihik,15+,Tutchone (Southern),Late Prehistoric,Copper collected by Workman associated with post-WRA Aishihik Phase,
57.707,-155.387,KAR-00121,Cabin Point Island Village,1,Koniag,Prehistoric,,
62.228,-135.915,KbTx-20,Clark-90-5,1,Tutchone,Prehistoric/Late Prehistoric?,Surface find,
62.269,-140.731,KbVo-1,HN-6(1991),8,Tutchone,Late Prehistoric/ Protohistoric/ Historic,"More than 1800 B.P., (1790+/-50) below ash, copper and Chinese coin probably not from below ash.",
62.51,-140.899,KcVo-3,KcVo-3,2,Tutchone,Late Prehistoric,"810 +/- 80 (Beta 68512), exact relationship to copper unknown",
62.633,-136.186,KdVa-8,HN-4(1991),5,Tutchone,Late Prehistoric,,
60.535,-150.754,KEN-00066,Nilnunqa,3,Denai'ina,Late Prehistoric/Historic,BC 190 to AD 1820,
60.489,-150.013,KEN-00094,KEN-00094 [Squilantnu Arch Dist],2,Denai'na,Late Prehistoric/ Protohistoric,"BP 90+/-95, 1925+/-145",
57.83,-152.364,KOD-00026,Monashka Bay I,1,"Kachemak, Koniag",Prehistoric,AD 1652 +/- 44,
57.031,-153.317,KOD-00101,"Rolling Bay (Mysovskoe, Numat)",1,Koniag. Alutiiq,Prehistoric/Historic,AD 1300 to AD 1900,
67.281,-137.772,MhVf-1,Bell Mouth,1,Gwich'in,Prehistoric/ Protohistoric/ Historic,,
67.583,-138.333,MjVg-1,Rat Indian Creek,14,Gwich'in,Late Prehistoric,,
67.584,-139.566,MjVk-7,Old Chief Creek,1,Gwich'in,Prehistoric,Est. 300-1000,
67.567,-139.683,MjVl-1,Klo-kut,3,Gwich'in,Prehistoric/ Protohistoric/ Historic,,
67.568,-139.835,MjVl-6,MjVl-6,?,Gwich'in,Prehistoric,,
65.813,-154.454,MLZ-00050,MLZ-00050,1,Koyukon/Batza Tena Tuktu Complex,Prehistoric,AD 885 - AD 365 (AD 625) Cal. bone,
63.893,-152.109,MMK-00004,University Hill Site (Minchumina Site),2,Koyukon,Late Prehistoric/ Protohistoric/ Historic,BP 4810+/-160,
58.647,-156.575,NAK-00015,NAK-00015,3,"Bluffs phase, Norton",Prehistoric/Historic,"BP 2220+/-80, to recent",
64.184,-158.508,NUL-00010,"Old Fish Camp (Lokekayar, Tlogeqaiyax, Klenkakaiyuh",2,,Prehistoric/Historic,,
68.467,-149.483,PSM-00074,Atigun Site,1,Gwich'in,Late Prehistoric,Date given to site by Wilson A.D. 1500-1800,
0,0,PSM-00378,PSM-00378,,,,,
59.516,-151.494,SEL-00001,Yukon Island Main Site (Yukon Island Great Midden Site),5,Post-Kachemak/Denai'na,Prehistoric/ Late Prehistoric,"BP 1389+/-102, 2706+/-118",
59.514,-151.481,SEL-00041,Yukon Island Fox Farm and Bluff Site,2,Post-Kachemak,Prehistoric,"BP 1090+/-195, 1315+/-205",
59.747,-151.041,SEL-00079,Seal Beach Site,1,Post-Kachemak/Denai'na,Prehistoric,"BP 1130+/-120, 1315+/-205, 1090+/-195",
60.934,-148.029,SEW-00056,"Uqciuvit (Uksiwiit, Esther Passage Village)",1,Chugach,Late Prehistoric/ Protohistoric/ Historic,BP 3810+/-90 - 200+/-90,
60.182,-147.822,SEW-00072,Little Bay,2,Chugach,Prehistoric,,
60.042,-148.053,SEW-00077,Evans Island,1,Chugach,Late Prehistoric/ Protohistoric/ Historic,,
60.035,-147.996,SEW-00078,Elrington Island North,1,Chugach,Prehistoric,,
60.295,-147.206,SEW-00081,Uqcilcq I (Uqciloq),1,Chugach,Prehistoric,,
60.488,-149.999,SEW-00214,Round Mountain II,4,Dena'ina,Prehistoric/Historic,BP 4795+/-165 - AD 1800s,
60.496,-147.686,SEW-00488,Louis Bay Lamp Site Locus A,2,Chugach,Late Prehistoric,,
57.499,-134.585,SIT-00135,Ganaxca Nuwu (Ganax Women's Fort),1,Tlingit,Prehistoric,,
57.517,-134.545,SIT-00244,Daxatkanada,1,Tlingit,Prehistoric/ Protohistoric/  Historic,BP 520+/-70,
56.675,-157.525,SUT-00027,South Aniakchak Bay Village,1,Native Alaskan,Prehistoric,"BP 1660 +/- 40, BP 1310 +/- 50",
62.845,-148.247,TLM-00222,TLM-00222,1,Ahtna,Protohistoric,,
63.458,-143.428,TNX-00004,Dixthada,44,Tanana,Late Prehistoric/ Protohistoric/ Historic,"BC 470+/-60, AD 1560+/-50",
61.114,-151.109,TYO-00122,,1,,,,
61.112,-151.126,TYO-00148,,1,,,,
61.118,-151.117,TYO-00154,,1,,,,
53.911,-166.505,UNL-00055,Tanaxtaxak,1,Unangan,Prehistoric/ Protohistoric/ Historic,"BP 560 +/- 50, BP 360 +/- 70",
61.492,-144.453,VAL-00065,Dakah De'nin's Village,138,Ahtna,Late Prehistoric/ Protohistoric/ Historic,AD 1800s,
61.499,-144.442,VAL-00186,Chitina Site 7,1,Ahtna,Protohistoric,,
61.497,-144.447,VAL-00187,Chitina Site 8,1,Ahtna,Prehistoric,,
70.879,-159.097,WAI-00096,Pingasagruk (Point Franklin Site),,"Thule, Inupiat",Prehistoric/Historic,circa AD 900-1700,
0,0,XBD-00156,Swan Point,1,,,,
64.012,-145.735,XBD-00272,VAWM-1 (Donnelly Training Area Sites) ,1,Dene,Prehistoric,,
67.064,-160.401,XBM-00009,Ekseavik,7,Eskimo,Prehistoric,AD 1400,
68.127,-156.103,XHP-00308,"Punyik Point (North Point, Itivlik Lake Site 9)",9,Inupiat,Late Prehistoric/ Protohistoric/ Historic,AD 1400-1660,
61.205,-142.696,XMC-00098,XMC-00098,1,Ahtna,Prehistoric,,
61.863,-141.2,XMC-00398,Wikki Peak,1,Ahtna,Prehistoric,,
0,0,XMC-00442,,1,,,,
63.964,-144.758,XMH-00205,Ashes Point,2,Tanana,Prehistoric,,
63.091,-146.236,XMH-00242,High Valley (TLAD),1,Ahtna,Prehistoric,,
58.553,-155.786,XMK-00016,Brooks River Cutbank,3(1?),,Prehistoric,"BC 2022 +/- 440, AD 1720 +/- 80",
58.554,-155.782,XMK-00034,XMK-00034,3,Bluffs,Prehistoric,,
59.707,-139.549,YAK-00007,"Old Town (Tlakw-'an, Knight Island Village)",48,Tlingit,Late Prehistoric/ Protohistoric/ Historic,"BP 328+/-78, BP 136+/-78",
59.726,-139.518,YAK-00009,"Little Fort Island (Nukw, Xatgawet)",1,Tlingit,Prehistoric/Protohistoric,,
48.459,-123.291,DcRt-15,Snyega ,,,,,
48.67,-123.415,DeRu-1,Blue Heron Road Site|North Saanich Site|Sai'klam (Clay),14,,,,
48.789,-123.696,DeRw-18,Somenos Creek,,,,,
49.15,-122.255,DgRn-y,Hatzic Burial Mound,8,,,,
49.137,-123.764,DgRw-199,,1,,,,
49.135,-123.78,DgRw-4,False Narrows|Senewelets|Tle:ltxw (rich/expensive place),5?,,,,
49.148,-123.883,DgRx-11,,1,,,,
49.23,-121.95,DhRl-16,Clarke Site|Scowlitz Site,1?,,,,
49.188,-122.408,DhRo-28,,,,,,
49.002,-122.418,DhRo-59,,,,,,
49.204,-123.139,DhRs-1,Marpole,,,,,
49.466,-124.727,DiSe-7,Deep Bay,,,,,
50.16,-121.04,EaRg-3,,,,,,
50.03,-124.758,EaSe-128,,,,,,
50.12,-125.08,EaSg-19,,1?,,,,
50.11,-127.59,EaSv-28,,,,,,
50.24,-121.58,EbRj-1,Lytton,,,,,
50.21,-121.59,EbRj-107,,,,,,
50.29,-121.63,EbRj-2,,,,,,
50.25,-125.1,EbSg-4,,1?,,,,
50.267,-119.273,EcQt,Vernon Burial Site,,,,,
50.53,-121.76,EdRk-3,Mile 28 Ranch Site,,,,,
50.53,-121.74,EdRk-7,Lochnore Creek,,,,,
50.744,-121.826,EeRk-4,Bell Site,3?,,,,
50.671,-121.99,EeRl-184,,,,,,
50.773,-121.971,EeRl-4,Bridge River,2,,,,
50.806,-121.838,EeRl-7,Keatley Creek,,,,,
52.131,-131.236,FaTt-9,,1,,,,
53.671,-132.494,FkUc-16,,,,,,
54.143,-129.184,GaTh-2,Laxt'aa Rock Shelter,,,,,
54.288,-130.379,GbTo-31,Boardwalk Site,,,,,